<?xml version="1.0" encoding="utf-8"?>
<annotation>
<folder>images</folder>
<filename>0c15e263-24.jpg</filename>
<source>
<database>MyDatabase</database>
<annotation>COCO2017</annotation>
<image>flickr</image>
<flickrid>NULL</flickrid>
<annotator>1</annotator>
</source>
<owner>
<flickrid>NULL</flickrid>
<name>Label Studio</name>
</owner>
<size>
<width>768</width>
<height>594</height>
<depth>3</depth>
</size>
<segmented>0</segmented>
<object>
<name>cedula</name>
<pose>Unspecified</pose>
<truncated>0</truncated>
<difficult>0</difficult>
<bndbox>
<xmin>275</xmin>
<ymin>136</ymin>
<xmax>479</xmax>
<ymax>176</ymax>
</bndbox>
</object>
<object>
<name>apellido</name>
<pose>Unspecified</pose>
<truncated>0</truncated>
<difficult>0</difficult>
<bndbox>
<xmin>76</xmin>
<ymin>170</ymin>
<xmax>304</xmax>
<ymax>209</ymax>
</bndbox>
</object>
<object>
<name>nombre</name>
<pose>Unspecified</pose>
<truncated>0</truncated>
<difficult>0</difficult>
<bndbox>
<xmin>76</xmin>
<ymin>213</ymin>
<xmax>323</xmax>
<ymax>253</ymax>
</bndbox>
</object>
<object>
<name>cedula</name>
<pose>Unspecified</pose>
<truncated>0</truncated>
<difficult>0</difficult>
<bndbox>
<xmin>199</xmin>
<ymin>347</ymin>
<xmax>328</xmax>
<ymax>378</ymax>
</bndbox>
</object>
<object>
<name>edocivil</name>
<pose>Unspecified</pose>
<truncated>0</truncated>
<difficult>0</difficult>
<bndbox>
<xmin>337</xmin>
<ymin>343</ymin>
<xmax>464</xmax>
<ymax>383</ymax>
</bndbox>
</object>
<object>
<name>expedicion</name>
<pose>Unspecified</pose>
<truncated>0</truncated>
<difficult>0</difficult>
<bndbox>
<xmin>199</xmin>
<ymin>445</ymin>
<xmax>329</xmax>
<ymax>475</ymax>
</bndbox>
</object>
<object>
<name>vencimiento</name>
<pose>Unspecified</pose>
<truncated>0</truncated>
<difficult>0</difficult>
<bndbox>
<xmin>353</xmin>
<ymin>448</ymin>
<xmax>450</xmax>
<ymax>472</ymax>
</bndbox>
</object>
<object>
<name>nacionalidad</name>
<pose>Unspecified</pose>
<truncated>0</truncated>
<difficult>0</difficult>
<bndbox>
<xmin>203</xmin>
<ymin>524</ymin>
<xmax>496</xmax>
<ymax>569</ymax>
</bndbox>
</object>
</annotation>
