<?xml version="1.0" encoding="utf-8"?>
<annotation>
<folder>images</folder>
<filename>12d47b07-36.jpg</filename>
<source>
<database>MyDatabase</database>
<annotation>COCO2017</annotation>
<image>flickr</image>
<flickrid>NULL</flickrid>
<annotator>1</annotator>
</source>
<owner>
<flickrid>NULL</flickrid>
<name>Label Studio</name>
</owner>
<size>
<width>768</width>
<height>531</height>
<depth>3</depth>
</size>
<segmented>0</segmented>
<object>
<name>cedula</name>
<pose>Unspecified</pose>
<truncated>0</truncated>
<difficult>0</difficult>
<bndbox>
<xmin>288</xmin>
<ymin>119</ymin>
<xmax>468</xmax>
<ymax>159</ymax>
</bndbox>
</object>
<object>
<name>apellido</name>
<pose>Unspecified</pose>
<truncated>0</truncated>
<difficult>0</difficult>
<bndbox>
<xmin>127</xmin>
<ymin>160</ymin>
<xmax>379</xmax>
<ymax>196</ymax>
</bndbox>
</object>
<object>
<name>nombre</name>
<pose>Unspecified</pose>
<truncated>0</truncated>
<difficult>0</difficult>
<bndbox>
<xmin>124</xmin>
<ymin>202</ymin>
<xmax>317</xmax>
<ymax>231</ymax>
</bndbox>
</object>
<object>
<name>cedula</name>
<pose>Unspecified</pose>
<truncated>0</truncated>
<difficult>0</difficult>
<bndbox>
<xmin>216</xmin>
<ymin>305</ymin>
<xmax>319</xmax>
<ymax>339</ymax>
</bndbox>
</object>
<object>
<name>edocivil</name>
<pose>Unspecified</pose>
<truncated>0</truncated>
<difficult>0</difficult>
<bndbox>
<xmin>325</xmin>
<ymin>306</ymin>
<xmax>449</xmax>
<ymax>337</ymax>
</bndbox>
</object>
<object>
<name>expedicion</name>
<pose>Unspecified</pose>
<truncated>0</truncated>
<difficult>0</difficult>
<bndbox>
<xmin>211</xmin>
<ymin>389</ymin>
<xmax>315</xmax>
<ymax>419</ymax>
</bndbox>
</object>
<object>
<name>cedula</name>
<pose>Unspecified</pose>
<truncated>0</truncated>
<difficult>0</difficult>
<bndbox>
<xmin>330</xmin>
<ymin>383</ymin>
<xmax>439</xmax>
<ymax>417</ymax>
</bndbox>
</object>
<object>
<name>nacionalidad</name>
<pose>Unspecified</pose>
<truncated>0</truncated>
<difficult>0</difficult>
<bndbox>
<xmin>198</xmin>
<ymin>466</ymin>
<xmax>467</xmax>
<ymax>506</ymax>
</bndbox>
</object>
</annotation>
