<?xml version="1.0" encoding="utf-8"?>
<annotation>
<folder>images</folder>
<filename>2b8e2f0d-34.jpg</filename>
<source>
<database>MyDatabase</database>
<annotation>COCO2017</annotation>
<image>flickr</image>
<flickrid>NULL</flickrid>
<annotator>1</annotator>
</source>
<owner>
<flickrid>NULL</flickrid>
<name>Label Studio</name>
</owner>
<size>
<width>623</width>
<height>433</height>
<depth>3</depth>
</size>
<segmented>0</segmented>
<object>
<name>cedula</name>
<pose>Unspecified</pose>
<truncated>0</truncated>
<difficult>0</difficult>
<bndbox>
<xmin>227</xmin>
<ymin>85</ymin>
<xmax>376</xmax>
<ymax>109</ymax>
</bndbox>
</object>
<object>
<name>apellido</name>
<pose>Unspecified</pose>
<truncated>0</truncated>
<difficult>0</difficult>
<bndbox>
<xmin>69</xmin>
<ymin>111</ymin>
<xmax>270</xmax>
<ymax>138</ymax>
</bndbox>
</object>
<object>
<name>nombre</name>
<pose>Unspecified</pose>
<truncated>0</truncated>
<difficult>0</difficult>
<bndbox>
<xmin>72</xmin>
<ymin>142</ymin>
<xmax>274</xmax>
<ymax>173</ymax>
</bndbox>
</object>
<object>
<name>apellido</name>
<pose>Unspecified</pose>
<truncated>0</truncated>
<difficult>0</difficult>
<bndbox>
<xmin>163</xmin>
<ymin>254</ymin>
<xmax>275</xmax>
<ymax>272</ymax>
</bndbox>
</object>
<object>
<name>edocivil</name>
<pose>Unspecified</pose>
<truncated>0</truncated>
<difficult>0</difficult>
<bndbox>
<xmin>283</xmin>
<ymin>247</ymin>
<xmax>390</xmax>
<ymax>276</ymax>
</bndbox>
</object>
<object>
<name>expedicion</name>
<pose>Unspecified</pose>
<truncated>0</truncated>
<difficult>0</difficult>
<bndbox>
<xmin>158</xmin>
<ymin>324</ymin>
<xmax>272</xmax>
<ymax>352</ymax>
</bndbox>
</object>
<object>
<name>vencimiento</name>
<pose>Unspecified</pose>
<truncated>0</truncated>
<difficult>0</difficult>
<bndbox>
<xmin>289</xmin>
<ymin>325</ymin>
<xmax>376</xmax>
<ymax>348</ymax>
</bndbox>
</object>
<object>
<name>nacionalidad</name>
<pose>Unspecified</pose>
<truncated>0</truncated>
<difficult>0</difficult>
<bndbox>
<xmin>153</xmin>
<ymin>386</ymin>
<xmax>381</xmax>
<ymax>421</ymax>
</bndbox>
</object>
</annotation>
