<?xml version="1.0" encoding="utf-8"?>
<annotation>
<folder>images</folder>
<filename>2ede73de-19.jpg</filename>
<source>
<database>MyDatabase</database>
<annotation>COCO2017</annotation>
<image>flickr</image>
<flickrid>NULL</flickrid>
<annotator>1</annotator>
</source>
<owner>
<flickrid>NULL</flickrid>
<name>Label Studio</name>
</owner>
<size>
<width>800</width>
<height>450</height>
<depth>3</depth>
</size>
<segmented>0</segmented>
<object>
<name>cedula</name>
<pose>Unspecified</pose>
<truncated>0</truncated>
<difficult>0</difficult>
<bndbox>
<xmin>308</xmin>
<ymin>103</ymin>
<xmax>495</xmax>
<ymax>134</ymax>
</bndbox>
</object>
<object>
<name>apellido</name>
<pose>Unspecified</pose>
<truncated>0</truncated>
<difficult>0</difficult>
<bndbox>
<xmin>134</xmin>
<ymin>145</ymin>
<xmax>407</xmax>
<ymax>178</ymax>
</bndbox>
</object>
<object>
<name>nombre</name>
<pose>Unspecified</pose>
<truncated>0</truncated>
<difficult>0</difficult>
<bndbox>
<xmin>131</xmin>
<ymin>183</ymin>
<xmax>422</xmax>
<ymax>214</ymax>
</bndbox>
</object>
<object>
<name>nacimiento</name>
<pose>Unspecified</pose>
<truncated>0</truncated>
<difficult>0</difficult>
<bndbox>
<xmin>232</xmin>
<ymin>298</ymin>
<xmax>345</xmax>
<ymax>327</ymax>
</bndbox>
</object>
<object>
<name>edocivil</name>
<pose>Unspecified</pose>
<truncated>0</truncated>
<difficult>0</difficult>
<bndbox>
<xmin>352</xmin>
<ymin>294</ymin>
<xmax>481</xmax>
<ymax>327</ymax>
</bndbox>
</object>
<object>
<name>apellido</name>
<pose>Unspecified</pose>
<truncated>0</truncated>
<difficult>0</difficult>
<bndbox>
<xmin>232</xmin>
<ymin>380</ymin>
<xmax>346</xmax>
<ymax>413</ymax>
</bndbox>
</object>
<object>
<name>vencimiento</name>
<pose>Unspecified</pose>
<truncated>0</truncated>
<difficult>0</difficult>
<bndbox>
<xmin>353</xmin>
<ymin>381</ymin>
<xmax>478</xmax>
<ymax>408</ymax>
</bndbox>
</object>
</annotation>
