<?xml version="1.0" encoding="utf-8"?>
<annotation>
<folder>images</folder>
<filename>6fe6ff9b-10.jpg</filename>
<source>
<database>MyDatabase</database>
<annotation>COCO2017</annotation>
<image>flickr</image>
<flickrid>NULL</flickrid>
<annotator>1</annotator>
</source>
<owner>
<flickrid>NULL</flickrid>
<name>Label Studio</name>
</owner>
<size>
<width>406</width>
<height>306</height>
<depth>3</depth>
</size>
<segmented>0</segmented>
<object>
<name>cedula</name>
<pose>Unspecified</pose>
<truncated>0</truncated>
<difficult>0</difficult>
<bndbox>
<xmin>142</xmin>
<ymin>73</ymin>
<xmax>233</xmax>
<ymax>88</ymax>
</bndbox>
</object>
<object>
<name>apellido</name>
<pose>Unspecified</pose>
<truncated>0</truncated>
<difficult>0</difficult>
<bndbox>
<xmin>57</xmin>
<ymin>92</ymin>
<xmax>194</xmax>
<ymax>112</ymax>
</bndbox>
</object>
<object>
<name>nombre</name>
<pose>Unspecified</pose>
<truncated>0</truncated>
<difficult>0</difficult>
<bndbox>
<xmin>58</xmin>
<ymin>114</ymin>
<xmax>168</xmax>
<ymax>129</ymax>
</bndbox>
</object>
<object>
<name>cedula</name>
<pose>Unspecified</pose>
<truncated>0</truncated>
<difficult>0</difficult>
<bndbox>
<xmin>107</xmin>
<ymin>171</ymin>
<xmax>162</xmax>
<ymax>188</ymax>
</bndbox>
</object>
<object>
<name>edocivil</name>
<pose>Unspecified</pose>
<truncated>0</truncated>
<difficult>0</difficult>
<bndbox>
<xmin>165</xmin>
<ymin>172</ymin>
<xmax>230</xmax>
<ymax>189</ymax>
</bndbox>
</object>
<object>
<name>apellido</name>
<pose>Unspecified</pose>
<truncated>0</truncated>
<difficult>0</difficult>
<bndbox>
<xmin>106</xmin>
<ymin>215</ymin>
<xmax>161</xmax>
<ymax>231</ymax>
</bndbox>
</object>
<object>
<name>vencimiento</name>
<pose>Unspecified</pose>
<truncated>0</truncated>
<difficult>0</difficult>
<bndbox>
<xmin>165</xmin>
<ymin>214</ymin>
<xmax>228</xmax>
<ymax>231</ymax>
</bndbox>
</object>
<object>
<name>nacionalidad</name>
<pose>Unspecified</pose>
<truncated>0</truncated>
<difficult>0</difficult>
<bndbox>
<xmin>99</xmin>
<ymin>253</ymin>
<xmax>240</xmax>
<ymax>278</ymax>
</bndbox>
</object>
</annotation>
