<?xml version="1.0" encoding="utf-8"?>
<annotation>
<folder>images</folder>
<filename>7af345d3-43.jpg</filename>
<source>
<database>MyDatabase</database>
<annotation>COCO2017</annotation>
<image>flickr</image>
<flickrid>NULL</flickrid>
<annotator>1</annotator>
</source>
<owner>
<flickrid>NULL</flickrid>
<name>Label Studio</name>
</owner>
<size>
<width>768</width>
<height>543</height>
<depth>3</depth>
</size>
<segmented>0</segmented>
<object>
<name>cedula</name>
<pose>Unspecified</pose>
<truncated>0</truncated>
<difficult>0</difficult>
<bndbox>
<xmin>272</xmin>
<ymin>103</ymin>
<xmax>440</xmax>
<ymax>135</ymax>
</bndbox>
</object>
<object>
<name>apellido</name>
<pose>Unspecified</pose>
<truncated>0</truncated>
<difficult>0</difficult>
<bndbox>
<xmin>92</xmin>
<ymin>142</ymin>
<xmax>308</xmax>
<ymax>166</ymax>
</bndbox>
</object>
<object>
<name>nombre</name>
<pose>Unspecified</pose>
<truncated>0</truncated>
<difficult>0</difficult>
<bndbox>
<xmin>91</xmin>
<ymin>173</ymin>
<xmax>253</xmax>
<ymax>208</ymax>
</bndbox>
</object>
<object>
<name>nacimiento</name>
<pose>Unspecified</pose>
<truncated>0</truncated>
<difficult>0</difficult>
<bndbox>
<xmin>192</xmin>
<ymin>296</ymin>
<xmax>325</xmax>
<ymax>324</ymax>
</bndbox>
</object>
<object>
<name>edocivil</name>
<pose>Unspecified</pose>
<truncated>0</truncated>
<difficult>0</difficult>
<bndbox>
<xmin>336</xmin>
<ymin>294</ymin>
<xmax>459</xmax>
<ymax>326</ymax>
</bndbox>
</object>
<object>
<name>apellido</name>
<pose>Unspecified</pose>
<truncated>0</truncated>
<difficult>0</difficult>
<bndbox>
<xmin>194</xmin>
<ymin>387</ymin>
<xmax>327</xmax>
<ymax>417</ymax>
</bndbox>
</object>
<object>
<name>cedula</name>
<pose>Unspecified</pose>
<truncated>0</truncated>
<difficult>0</difficult>
<bndbox>
<xmin>344</xmin>
<ymin>387</ymin>
<xmax>445</xmax>
<ymax>413</ymax>
</bndbox>
</object>
<object>
<name>nacionalidad</name>
<pose>Unspecified</pose>
<truncated>0</truncated>
<difficult>0</difficult>
<bndbox>
<xmin>185</xmin>
<ymin>466</ymin>
<xmax>453</xmax>
<ymax>496</ymax>
</bndbox>
</object>
</annotation>
