<?xml version="1.0" encoding="utf-8"?>
<annotation>
<folder>images</folder>
<filename>83c238f5-21.jpg</filename>
<source>
<database>MyDatabase</database>
<annotation>COCO2017</annotation>
<image>flickr</image>
<flickrid>NULL</flickrid>
<annotator>1</annotator>
</source>
<owner>
<flickrid>NULL</flickrid>
<name>Label Studio</name>
</owner>
<size>
<width>768</width>
<height>594</height>
<depth>3</depth>
</size>
<segmented>0</segmented>
<object>
<name>cedula</name>
<pose>Unspecified</pose>
<truncated>0</truncated>
<difficult>0</difficult>
<bndbox>
<xmin>280</xmin>
<ymin>135</ymin>
<xmax>466</xmax>
<ymax>177</ymax>
</bndbox>
</object>
<object>
<name>apellido</name>
<pose>Unspecified</pose>
<truncated>0</truncated>
<difficult>0</difficult>
<bndbox>
<xmin>76</xmin>
<ymin>173</ymin>
<xmax>300</xmax>
<ymax>208</ymax>
</bndbox>
</object>
<object>
<name>nombre</name>
<pose>Unspecified</pose>
<truncated>0</truncated>
<difficult>0</difficult>
<bndbox>
<xmin>73</xmin>
<ymin>215</ymin>
<xmax>322</xmax>
<ymax>253</ymax>
</bndbox>
</object>
<object>
<name>cedula</name>
<pose>Unspecified</pose>
<truncated>0</truncated>
<difficult>0</difficult>
<bndbox>
<xmin>203</xmin>
<ymin>348</ymin>
<xmax>332</xmax>
<ymax>380</ymax>
</bndbox>
</object>
<object>
<name>edocivil</name>
<pose>Unspecified</pose>
<truncated>0</truncated>
<difficult>0</difficult>
<bndbox>
<xmin>341</xmin>
<ymin>345</ymin>
<xmax>456</xmax>
<ymax>380</ymax>
</bndbox>
</object>
<object>
<name>expedicion</name>
<pose>Unspecified</pose>
<truncated>0</truncated>
<difficult>0</difficult>
<bndbox>
<xmin>206</xmin>
<ymin>447</ymin>
<xmax>329</xmax>
<ymax>476</ymax>
</bndbox>
</object>
<object>
<name>vencimiento</name>
<pose>Unspecified</pose>
<truncated>0</truncated>
<difficult>0</difficult>
<bndbox>
<xmin>358</xmin>
<ymin>448</ymin>
<xmax>449</xmax>
<ymax>472</ymax>
</bndbox>
</object>
<object>
<name>nacionalidad</name>
<pose>Unspecified</pose>
<truncated>0</truncated>
<difficult>0</difficult>
<bndbox>
<xmin>202</xmin>
<ymin>526</ymin>
<xmax>488</xmax>
<ymax>564</ymax>
</bndbox>
</object>
</annotation>
