<?xml version="1.0" encoding="utf-8"?>
<annotation>
<folder>images</folder>
<filename>a5d665e4-59.jpg</filename>
<source>
<database>MyDatabase</database>
<annotation>COCO2017</annotation>
<image>flickr</image>
<flickrid>NULL</flickrid>
<annotator>1</annotator>
</source>
<owner>
<flickrid>NULL</flickrid>
<name>Label Studio</name>
</owner>
<size>
<width>442</width>
<height>309</height>
<depth>3</depth>
</size>
<segmented>0</segmented>
<object>
<name>cedula</name>
<pose>Unspecified</pose>
<truncated>0</truncated>
<difficult>0</difficult>
<bndbox>
<xmin>169</xmin>
<ymin>75</ymin>
<xmax>267</xmax>
<ymax>95</ymax>
</bndbox>
</object>
<object>
<name>apellido</name>
<pose>Unspecified</pose>
<truncated>0</truncated>
<difficult>0</difficult>
<bndbox>
<xmin>84</xmin>
<ymin>100</ymin>
<xmax>166</xmax>
<ymax>116</ymax>
</bndbox>
</object>
<object>
<name>nombre</name>
<pose>Unspecified</pose>
<truncated>0</truncated>
<difficult>0</difficult>
<bndbox>
<xmin>84</xmin>
<ymin>120</ymin>
<xmax>223</xmax>
<ymax>138</ymax>
</bndbox>
</object>
<object>
<name>apellido</name>
<pose>Unspecified</pose>
<truncated>0</truncated>
<difficult>0</difficult>
<bndbox>
<xmin>133</xmin>
<ymin>179</ymin>
<xmax>194</xmax>
<ymax>194</ymax>
</bndbox>
</object>
<object>
<name>edocivil</name>
<pose>Unspecified</pose>
<truncated>0</truncated>
<difficult>0</difficult>
<bndbox>
<xmin>196</xmin>
<ymin>177</ymin>
<xmax>261</xmax>
<ymax>192</ymax>
</bndbox>
</object>
<object>
<name>apellido</name>
<pose>Unspecified</pose>
<truncated>0</truncated>
<difficult>0</difficult>
<bndbox>
<xmin>137</xmin>
<ymin>222</ymin>
<xmax>195</xmax>
<ymax>238</ymax>
</bndbox>
</object>
<object>
<name>vencimiento</name>
<pose>Unspecified</pose>
<truncated>0</truncated>
<difficult>0</difficult>
<bndbox>
<xmin>196</xmin>
<ymin>220</ymin>
<xmax>259</xmax>
<ymax>236</ymax>
</bndbox>
</object>
<object>
<name>nacionalidad</name>
<pose>Unspecified</pose>
<truncated>0</truncated>
<difficult>0</difficult>
<bndbox>
<xmin>131</xmin>
<ymin>261</ymin>
<xmax>272</xmax>
<ymax>285</ymax>
</bndbox>
</object>
</annotation>
