<?xml version="1.0" encoding="utf-8"?>
<annotation>
<folder>images</folder>
<filename>caa0c43b-26.jpg</filename>
<source>
<database>MyDatabase</database>
<annotation>COCO2017</annotation>
<image>flickr</image>
<flickrid>NULL</flickrid>
<annotator>1</annotator>
</source>
<owner>
<flickrid>NULL</flickrid>
<name>Label Studio</name>
</owner>
<size>
<width>2377</width>
<height>1676</height>
<depth>3</depth>
</size>
<segmented>0</segmented>
<object>
<name>cedula</name>
<pose>Unspecified</pose>
<truncated>0</truncated>
<difficult>0</difficult>
<bndbox>
<xmin>908</xmin>
<ymin>487</ymin>
<xmax>1318</xmax>
<ymax>577</ymax>
</bndbox>
</object>
<object>
<name>apellido</name>
<pose>Unspecified</pose>
<truncated>0</truncated>
<difficult>0</difficult>
<bndbox>
<xmin>494</xmin>
<ymin>602</ymin>
<xmax>1082</xmax>
<ymax>669</ymax>
</bndbox>
</object>
<object>
<name>nombre</name>
<pose>Unspecified</pose>
<truncated>0</truncated>
<difficult>0</difficult>
<bndbox>
<xmin>504</xmin>
<ymin>689</ymin>
<xmax>1160</xmax>
<ymax>763</ymax>
</bndbox>
</object>
<object>
<name>apellido</name>
<pose>Unspecified</pose>
<truncated>0</truncated>
<difficult>0</difficult>
<bndbox>
<xmin>730</xmin>
<ymin>972</ymin>
<xmax>1002</xmax>
<ymax>1035</ymax>
</bndbox>
</object>
<object>
<name>edocivil</name>
<pose>Unspecified</pose>
<truncated>0</truncated>
<difficult>0</difficult>
<bndbox>
<xmin>1016</xmin>
<ymin>959</ymin>
<xmax>1335</xmax>
<ymax>1033</ymax>
</bndbox>
</object>
<object>
<name>expedicion</name>
<pose>Unspecified</pose>
<truncated>0</truncated>
<difficult>0</difficult>
<bndbox>
<xmin>733</xmin>
<ymin>1171</ymin>
<xmax>1002</xmax>
<ymax>1241</ymax>
</bndbox>
</object>
<object>
<name>vencimiento</name>
<pose>Unspecified</pose>
<truncated>0</truncated>
<difficult>0</difficult>
<bndbox>
<xmin>1016</xmin>
<ymin>1147</ymin>
<xmax>1325</xmax>
<ymax>1237</ymax>
</bndbox>
</object>
<object>
<name>nacionalidad</name>
<pose>Unspecified</pose>
<truncated>0</truncated>
<difficult>0</difficult>
<bndbox>
<xmin>686</xmin>
<ymin>1359</ymin>
<xmax>1379</xmax>
<ymax>1483</ymax>
</bndbox>
</object>
</annotation>
