<?xml version="1.0" encoding="utf-8"?>
<annotation>
<folder>images</folder>
<filename>e8fede22-57.jpg</filename>
<source>
<database>MyDatabase</database>
<annotation>COCO2017</annotation>
<image>flickr</image>
<flickrid>NULL</flickrid>
<annotator>1</annotator>
</source>
<owner>
<flickrid>NULL</flickrid>
<name>Label Studio</name>
</owner>
<size>
<width>845</width>
<height>591</height>
<depth>3</depth>
</size>
<segmented>0</segmented>
<object>
<name>cedula</name>
<pose>Unspecified</pose>
<truncated>0</truncated>
<difficult>0</difficult>
<bndbox>
<xmin>320</xmin>
<ymin>112</ymin>
<xmax>492</xmax>
<ymax>150</ymax>
</bndbox>
</object>
<object>
<name>apellido</name>
<pose>Unspecified</pose>
<truncated>0</truncated>
<difficult>0</difficult>
<bndbox>
<xmin>116</xmin>
<ymin>145</ymin>
<xmax>398</xmax>
<ymax>182</ymax>
</bndbox>
</object>
<object>
<name>nombre</name>
<pose>Unspecified</pose>
<truncated>0</truncated>
<difficult>0</difficult>
<bndbox>
<xmin>122</xmin>
<ymin>187</ymin>
<xmax>378</xmax>
<ymax>225</ymax>
</bndbox>
</object>
<object>
<name>cedula</name>
<pose>Unspecified</pose>
<truncated>0</truncated>
<difficult>0</difficult>
<bndbox>
<xmin>233</xmin>
<ymin>320</ymin>
<xmax>376</xmax>
<ymax>355</ymax>
</bndbox>
</object>
<object>
<name>edocivil</name>
<pose>Unspecified</pose>
<truncated>0</truncated>
<difficult>0</difficult>
<bndbox>
<xmin>390</xmin>
<ymin>323</ymin>
<xmax>526</xmax>
<ymax>361</ymax>
</bndbox>
</object>
<object>
<name>cedula</name>
<pose>Unspecified</pose>
<truncated>0</truncated>
<difficult>0</difficult>
<bndbox>
<xmin>232</xmin>
<ymin>423</ymin>
<xmax>365</xmax>
<ymax>462</ymax>
</bndbox>
</object>
<object>
<name>vencimiento</name>
<pose>Unspecified</pose>
<truncated>0</truncated>
<difficult>0</difficult>
<bndbox>
<xmin>392</xmin>
<ymin>421</ymin>
<xmax>504</xmax>
<ymax>460</ymax>
</bndbox>
</object>
<object>
<name>nacionalidad</name>
<pose>Unspecified</pose>
<truncated>0</truncated>
<difficult>0</difficult>
<bndbox>
<xmin>221</xmin>
<ymin>508</ymin>
<xmax>517</xmax>
<ymax>558</ymax>
</bndbox>
</object>
</annotation>
