<?xml version="1.0" encoding="utf-8"?>
<annotation>
<folder>images</folder>
<filename>fd8ca005-73.jpg</filename>
<source>
<database>MyDatabase</database>
<annotation>COCO2017</annotation>
<image>flickr</image>
<flickrid>NULL</flickrid>
<annotator>1</annotator>
</source>
<owner>
<flickrid>NULL</flickrid>
<name>Label Studio</name>
</owner>
<size>
<width>1024</width>
<height>614</height>
<depth>3</depth>
</size>
<segmented>0</segmented>
<object>
<name>cedula</name>
<pose>Unspecified</pose>
<truncated>0</truncated>
<difficult>0</difficult>
<bndbox>
<xmin>574</xmin>
<ymin>168</ymin>
<xmax>772</xmax>
<ymax>203</ymax>
</bndbox>
</object>
<object>
<name>apellido</name>
<pose>Unspecified</pose>
<truncated>0</truncated>
<difficult>0</difficult>
<bndbox>
<xmin>404</xmin>
<ymin>216</ymin>
<xmax>639</xmax>
<ymax>251</ymax>
</bndbox>
</object>
<object>
<name>nombre</name>
<pose>Unspecified</pose>
<truncated>0</truncated>
<difficult>0</difficult>
<bndbox>
<xmin>446</xmin>
<ymin>256</ymin>
<xmax>726</xmax>
<ymax>294</ymax>
</bndbox>
</object>
<object>
<name>apellido</name>
<pose>Unspecified</pose>
<truncated>0</truncated>
<difficult>0</difficult>
<bndbox>
<xmin>290</xmin>
<ymin>358</ymin>
<xmax>443</xmax>
<ymax>396</ymax>
</bndbox>
</object>
<object>
<name>edocivil</name>
<pose>Unspecified</pose>
<truncated>0</truncated>
<difficult>0</difficult>
<bndbox>
<xmin>595</xmin>
<ymin>384</ymin>
<xmax>738</xmax>
<ymax>423</ymax>
</bndbox>
</object>
<object>
<name>cedula</name>
<pose>Unspecified</pose>
<truncated>0</truncated>
<difficult>0</difficult>
<bndbox>
<xmin>296</xmin>
<ymin>460</ymin>
<xmax>449</xmax>
<ymax>496</ymax>
</bndbox>
</object>
<object>
<name>cedula</name>
<pose>Unspecified</pose>
<truncated>0</truncated>
<difficult>0</difficult>
<bndbox>
<xmin>462</xmin>
<ymin>456</ymin>
<xmax>581</xmax>
<ymax>494</ymax>
</bndbox>
</object>
<object>
<name>nacionalidad</name>
<pose>Unspecified</pose>
<truncated>0</truncated>
<difficult>0</difficult>
<bndbox>
<xmin>283</xmin>
<ymin>540</ymin>
<xmax>597</xmax>
<ymax>591</ymax>
</bndbox>
</object>
</annotation>
